"","taillesPop","iterations","F","CRs"
"1",80,137,1,0.5
"2",114,138,1.032,0.528
"3",149,139,1.064,0.556
"4",115,140,1.096,0.584
"5",81,141,1.128,0.612
"6",46,142,1.16,0.64
"7",11,142,1.192,0.668
"8",43,143,1.224,0.696
"9",77,144,1.256,0.724
"10",112,145,1.288,0.752
"11",147,146,1.32,0.78
"12",118,147,1.352,0.808
"13",83,148,1.384,0.836
"14",48,149,1.416,0.864
"15",13,150,1.448,0.892
"16",40,151,1.48,0.92
"17",75,151,1.512,0.948
"18",110,152,1.544,0.976
"19",144,153,1.576,0.996
"20",120,154,1.608,0.968
"21",85,155,1.64,0.94
"22",50,156,1.672,0.912
"23",16,157,1.704,0.884
"24",38,158,1.736,0.856
"25",73,159,1.768,0.828
"26",107,160,1.8,0.8
"27",142,160,1.832,0.772
"28",122,161,1.864,0.744
"29",87,162,1.896,0.716
"30",53,163,1.928,0.688
"31",18,164,1.96,0.66
"32",36,165,1.992,0.632
"33",71,166,1.976,0.604
"34",105,167,1.944,0.576
"35",140,168,1.912,0.548
"36",124,169,1.88,0.52
"37",90,169,1.848,0.492
"38",55,170,1.816,0.464
"39",20,171,1.784,0.436
"40",34,172,1.752,0.408
"41",68,173,1.72,0.38
"42",103,174,1.688,0.352
"43",138,175,1.656,0.324
"44",127,176,1.624,0.296
"45",92,177,1.592,0.268
"46",57,178,1.56,0.24
"47",22,178,1.528,0.212
"48",31,179,1.496,0.184
"49",66,180,1.464,0.156
"50",101,181,1.432,0.128
"51",135,182,1.4,0.1
"52",129,183,1.368,0.072
"53",94,184,1.336,0.0440000000000001
"54",59,185,1.304,0.0160000000000002
"55",25,186,1.272,0.0120000000000003
"56",29,187,1.24,0.0400000000000001
"57",64,187,1.208,0.0680000000000003
"58",99,188,1.176,0.0960000000000001
"59",133,189,1.144,0.124
"60",131,190,1.112,0.152
"61",96,191,1.08,0.18
"62",62,192,1.048,0.208
"63",27,193,1.016,0.236
"64",27,194,0.984,0.264
"65",62,195,0.952,0.292
"66",96,196,0.92,0.32
"67",131,196,0.888,0.348
"68",133,197,0.856,0.376
"69",99,198,0.824,0.404
"70",64,199,0.792,0.432
"71",29,200,0.76,0.46
"72",25,201,0.728,0.488
"73",59,202,0.696,0.516
"74",94,203,0.664,0.544
"75",129,204,0.632,0.572
"76",135,205,0.6,0.6
"77",101,205,0.568,0.628
"78",66,206,0.536,0.656
"79",31,207,0.504,0.684
"80",22,208,0.472,0.712
"81",57,209,0.44,0.74
"82",92,210,0.408,0.768
"83",127,211,0.376,0.796
"84",138,212,0.344,0.824
"85",103,213,0.312,0.852
"86",68,214,0.28,0.88
"87",34,214,0.248,0.908
"88",20,215,0.216,0.936
"89",55,216,0.184,0.964
"90",90,217,0.152,0.992000000000001
"91",124,218,0.12,0.98
"92",140,219,0.0879999999999996,0.952
"93",105,220,0.0559999999999996,0.924
"94",71,221,0.0239999999999988,0.896
"95",36,222,0.00800000000000034,0.868
"96",18,223,0.04,0.84
"97",53,223,0.0720000000000001,0.812
"98",87,224,0.104,0.784
"99",122,225,0.136,0.756
"100",142,226,0.168,0.728
"101",108,227,0.2,0.7
"102",73,228,0.232,0.672
"103",38,229,0.264,0.644
"104",16,230,0.296,0.616
"105",50,231,0.328,0.588
"106",85,231,0.36,0.56
"107",120,232,0.392,0.532
"108",144,233,0.424,0.504
"109",110,234,0.456,0.476
"110",75,235,0.488,0.448
"111",40,236,0.52,0.419999999999999
"112",13,237,0.552,0.392
"113",48,238,0.584,0.364
"114",83,239,0.616,0.336
"115",118,240,0.648,0.308
"116",147,241,0.68,0.28
"117",112,241,0.712,0.252
"118",77,242,0.744,0.224
"119",43,243,0.776,0.196
"120",11,244,0.808,0.168
"121",46,245,0.84,0.14
"122",81,246,0.872,0.112
"123",115,247,0.904,0.084
"124",149,248,0.936,0.056
"125",114,249,0.968,0.0280000000000002
"126",80,250,1,0
"127",45,249,1.032,0.0279999999999998
"128",10,248,1.064,0.0559999999999997
"129",44,247,1.096,0.0840000000000003
"130",78,246,1.128,0.112
"131",113,245,1.16,0.14
"132",148,244,1.192,0.168
"133",116,243,1.224,0.196
"134",82,242,1.256,0.224
"135",47,241,1.288,0.252
"136",12,241,1.32,0.28
"137",41,240,1.352,0.308
"138",76,239,1.384,0.336
"139",111,238,1.416,0.364
"140",146,237,1.448,0.392
"141",119,236,1.48,0.42
"142",84,235,1.512,0.448
"143",49,234,1.544,0.476
"144",15,233,1.576,0.504
"145",39,232,1.608,0.532
"146",74,231,1.64,0.56
"147",109,231,1.672,0.588
"148",143,230,1.704,0.616
"149",121,229,1.736,0.644
"150",86,228,1.768,0.672
"151",51,227,1.8,0.7
"152",17,226,1.832,0.728
"153",37,225,1.864,0.756
"154",72,224,1.896,0.784
"155",106,223,1.928,0.812
"156",141,223,1.96,0.84
"157",123,222,1.992,0.868
"158",88,221,1.976,0.896
"159",54,220,1.944,0.924
"160",19,219,1.912,0.952
"161",35,218,1.88,0.980000000000001
"162",69,217,1.848,0.991999999999999
"163",104,216,1.816,0.964
"164",139,215,1.784,0.936
"165",125,214,1.752,0.908
"166",91,213,1.72,0.88
"167",56,213,1.688,0.852
"168",21,212,1.656,0.824
"169",32,211,1.624,0.796
"170",67,210,1.592,0.767999999999999
"171",102,209,1.56,0.740000000000001
"172",137,208,1.528,0.712
"173",128,207,1.496,0.684
"174",93,206,1.464,0.655999999999999
"175",58,205,1.432,0.628
"176",24,205,1.4,0.6
"177",30,204,1.368,0.572
"178",65,203,1.336,0.544
"179",100,202,1.304,0.515999999999999
"180",134,201,1.272,0.488
"181",130,200,1.24,0.46
"182",95,199,1.208,0.432
"183",60,198,1.176,0.403999999999999
"184",26,197,1.144,0.376
"185",28,196,1.112,0.347999999999999
"186",63,196,1.08,0.32
"187",97,195,1.048,0.292
"188",132,194,1.016,0.264
"189",132,193,0.984,0.236
"190",97,192,0.952,0.208
"191",63,191,0.92,0.18
"192",28,190,0.888,0.152
"193",26,189,0.856,0.124
"194",60,188,0.824,0.0959999999999993
"195",95,187,0.792,0.0679999999999999
"196",130,187,0.759999999999999,0.0399999999999993
"197",134,186,0.728,0.0120000000000003
"198",100,185,0.696,0.0160000000000002
"199",65,184,0.664,0.0439999999999998
"200",30,183,0.631999999999999,0.0720000000000003
"201",23,182,0.6,0.0999999999999998
"202",58,181,0.568,0.128
"203",93,180,0.536,0.156000000000001
"204",128,179,0.503999999999999,0.184
"205",137,178,0.472,0.212
"206",102,178,0.44,0.24
"207",67,177,0.408,0.268000000000001
"208",32,176,0.375999999999999,0.296
"209",21,175,0.344,0.323999999999999
"210",56,174,0.312,0.352
"211",91,173,0.28,0.38
"212",125,172,0.248,0.408000000000001
"213",139,171,0.216,0.435999999999999
"214",104,170,0.184,0.464
"215",69,169,0.152,0.492
"216",35,168,0.119999999999999,0.520000000000001
"217",19,168,0.0879999999999991,0.548
"218",54,167,0.0560000000000005,0.576
"219",88,166,0.0240000000000006,0.604
"220",123,165,0.00800000000000034,0.632000000000001
"221",141,164,0.0400000000000011,0.660000000000001
"222",106,163,0.0720000000000001,0.687999999999999
"223",72,162,0.104,0.716
"224",37,161,0.136,0.744
"225",17,160,0.168000000000001,0.772000000000001
"226",51,160,0.2,0.799999999999999
"227",86,159,0.232,0.828
"228",121,158,0.264,0.856
"229",143,157,0.296,0.884000000000001
"230",109,156,0.328,0.912
"231",74,155,0.36,0.94
"232",39,154,0.392,0.968
"233",15,153,0.424,0.996
"234",49,152,0.456,0.976
"235",84,151,0.488,0.948000000000001
"236",119,151,0.52,0.92
"237",146,150,0.552,0.892
"238",111,149,0.584000000000001,0.863999999999999
"239",76,148,0.616,0.836
"240",41,147,0.648,0.808
"241",12,146,0.68,0.78
"242",47,145,0.712000000000001,0.751999999999999
"243",82,144,0.744,0.724
"244",116,143,0.776,0.696000000000001
"245",148,142,0.808,0.668
"246",113,142,0.840000000000001,0.639999999999999
"247",78,141,0.872,0.612
"248",44,140,0.904,0.584
"249",10,139,0.936,0.556
"250",45,138,0.968000000000001,0.528
"251",79,137,1,0.5
"252",114,136,1.032,0.472
"253",149,135,1.064,0.444
"254",115,134,1.096,0.416
"255",81,133,1.128,0.388
"256",46,133,1.16,0.36
"257",11,132,1.192,0.331999999999999
"258",43,131,1.224,0.304
"259",77,130,1.256,0.275999999999999
"260",112,129,1.288,0.248
"261",147,128,1.32,0.22
"262",118,127,1.352,0.192
"263",83,126,1.384,0.164
"264",48,125,1.416,0.136
"265",13,124,1.448,0.108
"266",40,123,1.48,0.0799999999999992
"267",75,123,1.512,0.0519999999999998
"268",110,122,1.544,0.0240000000000004
"269",144,121,1.576,0.00400000000000017
"270",120,120,1.608,0.0320000000000006
"271",85,119,1.64,0.0599999999999999
"272",50,118,1.672,0.0879999999999992
"273",16,117,1.704,0.116
"274",38,116,1.736,0.144
"275",73,115,1.768,0.172000000000001
"276",107,115,1.8,0.2
"277",142,114,1.832,0.228
"278",122,113,1.864,0.256
"279",87,112,1.896,0.284000000000001
"280",53,111,1.928,0.312
"281",18,110,1.96,0.339999999999999
"282",36,109,1.992,0.368
"283",71,108,1.976,0.396
"284",105,107,1.944,0.424000000000001
"285",140,106,1.912,0.452
"286",124,106,1.88,0.48
"287",90,105,1.848,0.508
"288",55,104,1.816,0.536000000000001
"289",20,103,1.784,0.564
"290",34,102,1.752,0.592
"291",68,101,1.72,0.62
"292",103,100,1.688,0.648000000000001
"293",138,99,1.656,0.676
"294",127,98,1.624,0.704000000000001
"295",92,97,1.592,0.732
"296",57,96,1.56,0.76
"297",22,96,1.528,0.788
"298",31,95,1.496,0.816
"299",66,94,1.464,0.844
"300",101,93,1.432,0.872
"301",136,92,1.4,0.900000000000001
"302",129,91,1.368,0.928
"303",94,90,1.336,0.956000000000001
"304",59,89,1.304,0.984
"305",25,88,1.272,0.988
"306",29,88,1.24,0.96
"307",64,87,1.208,0.931999999999999
"308",99,86,1.176,0.904
"309",133,85,1.144,0.875999999999999
"310",131,84,1.112,0.848
"311",96,83,1.08,0.82
"312",62,82,1.048,0.791999999999999
"313",27,81,1.016,0.764
"314",27,80,0.984,0.736
"315",62,79,0.952,0.708
"316",96,79,0.92,0.679999999999999
"317",131,78,0.887999999999999,0.652
"318",133,77,0.856,0.624000000000001
"319",99,76,0.824,0.596
"320",64,75,0.792,0.568
"321",29,74,0.759999999999999,0.539999999999999
"322",25,73,0.727999999999999,0.512
"323",59,72,0.695999999999999,0.483999999999999
"324",94,71,0.663999999999999,0.455999999999999
"325",129,70,0.632000000000001,0.428
"326",135,70,0.6,0.400000000000001
"327",101,69,0.568,0.372
"328",66,68,0.536,0.344
"329",31,67,0.504,0.315999999999999
"330",22,66,0.471999999999999,0.287999999999999
"331",57,65,0.439999999999999,0.259999999999999
"332",92,64,0.407999999999999,0.231999999999999
"333",127,63,0.376000000000001,0.204000000000001
"334",138,62,0.344000000000001,0.176
"335",103,61,0.312,0.148000000000001
"336",68,61,0.28,0.12
"337",34,60,0.248,0.0919999999999996
"338",20,59,0.215999999999999,0.0639999999999993
"339",55,58,0.183999999999999,0.0359999999999988
"340",90,57,0.151999999999999,0.00799999999999912
"341",124,56,0.120000000000001,0.0199999999999989
"342",140,55,0.0880000000000006,0.0479999999999994
"343",105,54,0.0560000000000005,0.0759999999999999
"344",71,53,0.0240000000000006,0.103999999999999
"345",36,52,0.00800000000000034,0.132
"346",18,51,0.04,0.16
"347",53,51,0.0720000000000006,0.188000000000001
"348",87,50,0.104000000000001,0.216000000000001
"349",122,49,0.136000000000001,0.244000000000001
"350",142,48,0.167999999999999,0.271999999999999
"351",108,47,0.2,0.3
"352",73,46,0.232,0.328
"353",38,45,0.264,0.356
"354",16,44,0.296,0.384
"355",50,43,0.328000000000001,0.412000000000001
"356",85,42,0.360000000000001,0.440000000000001
"357",120,42,0.392000000000001,0.468000000000002
"358",144,41,0.423999999999999,0.496
"359",110,40,0.456,0.523999999999999
"360",75,39,0.488,0.552
"361",40,38,0.52,0.58
"362",13,37,0.552,0.608
"363",48,36,0.584000000000001,0.636
"364",83,35,0.616000000000001,0.664000000000001
"365",118,34,0.648000000000001,0.692000000000001
"366",147,33,0.680000000000001,0.720000000000002
"367",112,33,0.711999999999999,0.748
"368",77,32,0.744,0.776
"369",43,31,0.776,0.804000000000001
"370",11,30,0.808,0.831999999999999
"371",46,29,0.84,0.86
"372",81,28,0.872000000000001,0.888
"373",115,27,0.904000000000001,0.916000000000001
"374",149,26,0.936000000000001,0.944000000000001
"375",114,25,0.967999999999999,0.972
"376",80,25,1,1
"377",45,25,1.032,0.971999999999999
"378",10,26,1.064,0.943999999999999
"379",44,27,1.096,0.916000000000001
"380",78,28,1.128,0.888
"381",113,29,1.16,0.86
"382",148,30,1.192,0.831999999999999
"383",116,31,1.224,0.804000000000001
"384",82,32,1.256,0.776
"385",47,33,1.288,0.748
"386",12,33,1.32,0.719999999999999
"387",41,34,1.352,0.691999999999999
"388",76,35,1.384,0.664
"389",111,36,1.416,0.636
"390",146,37,1.448,0.607999999999999
"391",119,38,1.48,0.579999999999999
"392",84,39,1.512,0.552000000000001
"393",49,40,1.544,0.524
"394",15,41,1.576,0.496
"395",39,42,1.608,0.467999999999999
"396",74,43,1.64,0.439999999999999
"397",109,43,1.672,0.412
"398",143,44,1.704,0.384
"399",121,45,1.736,0.355999999999999
"400",86,46,1.768,0.328000000000001
"401",52,47,1.8,0.3
"402",17,48,1.832,0.272
"403",37,49,1.864,0.243999999999999
"404",72,50,1.896,0.215999999999999
"405",106,51,1.928,0.187999999999998
"406",141,52,1.96,0.16
"407",123,52,1.992,0.132
"408",88,53,1.976,0.103999999999999
"409",54,54,1.944,0.0760000000000008
"410",19,55,1.912,0.0480000000000003
"411",35,56,1.88,0.02
"412",69,57,1.848,0.00800000000000056
"413",104,58,1.816,0.0360000000000013
"414",139,59,1.784,0.0640000000000017
"415",125,60,1.752,0.0920000000000001
"416",91,61,1.72,0.12
"417",56,61,1.688,0.147999999999999
"418",21,62,1.656,0.175999999999999
"419",32,63,1.624,0.204
"420",67,64,1.592,0.232
"421",102,65,1.56,0.260000000000001
"422",137,66,1.528,0.288000000000001
"423",128,67,1.496,0.316000000000002
"424",93,68,1.464,0.344
"425",58,69,1.432,0.371999999999998
"426",23,69,1.4,0.399999999999999
"427",30,70,1.368,0.427999999999999
"428",65,71,1.336,0.456
"429",100,72,1.304,0.484000000000001
"430",134,73,1.272,0.512000000000001
"431",130,74,1.24,0.540000000000002
"432",95,75,1.208,0.568000000000002
"433",60,76,1.176,0.596
"434",26,77,1.144,0.623999999999999
"435",28,78,1.112,0.651999999999999
"436",63,79,1.08,0.68
"437",97,79,1.048,0.708
"438",132,80,1.016,0.736000000000001
"439",132,81,0.983999999999999,0.764000000000001
"440",97,82,0.951999999999999,0.792000000000002
"441",63,83,0.919999999999999,0.820000000000002
"442",28,84,0.888000000000001,0.847999999999998
"443",26,85,0.856,0.875999999999999
"444",60,86,0.824,0.903999999999999
"445",95,87,0.792,0.932
"446",130,88,0.76,0.96
"447",134,88,0.727999999999999,0.988000000000001
"448",100,89,0.695999999999999,0.983999999999998
"449",65,90,0.663999999999999,0.955999999999998
"450",30,91,0.631999999999999,0.927999999999998
"451",23,92,0.600000000000001,0.900000000000002
"452",58,93,0.568,0.872000000000001
"453",93,94,0.536,0.844000000000001
"454",128,95,0.504,0.816
"455",137,96,0.471999999999999,0.788
"456",102,97,0.439999999999999,0.759999999999999
"457",67,97,0.407999999999999,0.731999999999999
"458",32,98,0.375999999999999,0.703999999999998
"459",21,99,0.344000000000001,0.676
"460",56,100,0.312,0.648000000000001
"461",91,101,0.28,0.620000000000001
"462",125,102,0.248,0.592
"463",139,103,0.216,0.564
"464",104,104,0.183999999999999,0.535999999999999
"465",69,105,0.151999999999999,0.507999999999999
"466",35,106,0.119999999999999,0.479999999999998
"467",19,106,0.0880000000000006,0.452
"468",54,107,0.0560000000000005,0.424
"469",88,108,0.0240000000000006,0.396000000000001
"470",123,109,0.00800000000000034,0.368000000000001
"471",141,110,0.04,0.34
"472",106,111,0.0720000000000006,0.312
"473",72,112,0.104000000000001,0.283999999999999
"474",37,113,0.136000000000001,0.255999999999999
"475",17,114,0.168000000000001,0.227999999999998
"476",52,114,0.199999999999999,0.2
"477",86,115,0.232,0.171999999999999
"478",121,116,0.264,0.144000000000001
"479",143,117,0.296,0.116000000000001
"480",109,118,0.328000000000001,0.088
"481",74,119,0.360000000000001,0.0599999999999995
"482",39,120,0.392000000000001,0.0319999999999992
"483",15,121,0.424000000000001,0.00399999999999739
"484",49,122,0.455999999999999,0.0239999999999995
"485",84,123,0.488,0.0520000000000002
"486",119,123,0.52,0.0800000000000007
"487",146,124,0.552,0.107999999999999
"488",111,125,0.584,0.135999999999999
"489",76,126,0.616000000000001,0.164
"490",41,127,0.648000000000001,0.192000000000001
"491",12,128,0.680000000000001,0.220000000000001
"492",47,129,0.712000000000002,0.248000000000002
"493",82,130,0.744,0.276
"494",116,131,0.776,0.304
"495",148,132,0.808,0.332000000000001
"496",113,133,0.84,0.359999999999999
"497",78,133,0.872000000000001,0.388
"498",44,134,0.904000000000001,0.416
"499",10,135,0.936000000000001,0.444000000000001
"500",45,136,0.968000000000001,0.472000000000001
"501",80,137,1,0.5
"502",80,193,1.032,0.528
"503",81,249,1.064,0.556
"504",81,195,1.096,0.584
"505",82,139,1.128,0.612
"506",82,83,1.16,0.64
"507",83,27,1.192,0.668
"508",83,78,1.224,0.696
"509",84,133,1.256,0.724
"510",85,189,1.288,0.752
"511",85,245,1.32,0.78
"512",86,198,1.352,0.808
"513",86,142,1.384,0.836
"514",87,87,1.416,0.864
"515",87,31,1.448,0.892
"516",88,74,1.48,0.92
"517",88,130,1.512,0.948
"518",89,186,1.544,0.976
"519",90,241,1.576,0.996
"520",90,202,1.608,0.968
"521",91,146,1.64,0.94
"522",91,90,1.672,0.912
"523",92,34,1.704,0.884
"524",92,70,1.736,0.856
"525",93,126,1.768,0.828
"526",94,182,1.8,0.8
"527",94,238,1.832,0.772
"528",95,205,1.864,0.744
"529",95,150,1.896,0.716
"530",96,94,1.928,0.688
"531",96,38,1.96,0.66
"532",97,67,1.992,0.632
"533",97,123,1.976,0.604
"534",98,178,1.944,0.576
"535",99,234,1.912,0.548
"536",99,209,1.88,0.52
"537",100,153,1.848,0.492
"538",100,97,1.816,0.464
"539",101,42,1.784,0.436
"540",101,63,1.752,0.408
"541",102,119,1.72,0.38
"542",102,175,1.688,0.352
"543",103,231,1.656,0.324
"544",104,213,1.624,0.296
"545",104,157,1.592,0.268
"546",105,101,1.56,0.24
"547",105,45,1.528,0.212
"548",106,60,1.496,0.184
"549",106,115,1.464,0.156
"550",107,171,1.432,0.128
"551",108,227,1.4,0.1
"552",108,216,1.368,0.072
"553",109,160,1.336,0.0440000000000001
"554",109,105,1.304,0.0160000000000002
"555",110,49,1.272,0.0120000000000003
"556",110,56,1.24,0.0400000000000001
"557",111,112,1.208,0.0680000000000003
"558",111,168,1.176,0.0960000000000001
"559",112,223,1.144,0.124
"560",113,220,1.112,0.152
"561",113,164,1.08,0.18
"562",114,108,1.048,0.208
"563",114,52,1.016,0.236
"564",115,52,0.984,0.264
"565",115,108,0.952,0.292
"566",116,164,0.92,0.32
"567",116,220,0.888,0.348
"568",117,223,0.856,0.376
"569",118,168,0.824,0.404
"570",118,112,0.792,0.432
"571",119,56,0.76,0.46
"572",119,49,0.728,0.488
"573",120,105,0.696,0.516
"574",120,160,0.664,0.544
"575",121,216,0.632,0.572
"576",122,227,0.6,0.6
"577",122,171,0.568,0.628
"578",123,115,0.536,0.656
"579",123,60,0.504,0.684
"580",124,45,0.472,0.712
"581",124,101,0.44,0.74
"582",125,157,0.408,0.768
"583",125,213,0.376,0.796
"584",126,231,0.344,0.824
"585",127,175,0.312,0.852
"586",127,119,0.28,0.88
"587",128,63,0.248,0.908
"588",128,42,0.216,0.936
"589",129,97,0.184,0.964
"590",129,153,0.152,0.992000000000001
"591",130,209,0.12,0.98
"592",130,234,0.0879999999999996,0.952
"593",131,178,0.0559999999999996,0.924
"594",132,123,0.0239999999999988,0.896
"595",132,67,0.00800000000000034,0.868
"596",133,38,0.04,0.84
"597",133,94,0.0720000000000001,0.812
"598",134,150,0.104,0.784
"599",134,205,0.136,0.756
"600",135,238,0.168,0.728
"601",136,182,0.2,0.7
"602",136,126,0.232,0.672
"603",137,70,0.264,0.644
"604",137,34,0.296,0.616
"605",138,90,0.328,0.588
"606",138,146,0.36,0.56
"607",139,202,0.392,0.532
"608",139,241,0.424,0.504
"609",140,186,0.456,0.476
"610",141,130,0.488,0.448
"611",141,74,0.52,0.419999999999999
"612",142,31,0.552,0.392
"613",142,87,0.584,0.364
"614",143,142,0.616,0.336
"615",143,198,0.648,0.308
"616",144,245,0.68,0.28
"617",144,189,0.712,0.252
"618",145,133,0.744,0.224
"619",146,78,0.776,0.196
"620",146,27,0.808,0.168
"621",147,83,0.84,0.14
"622",147,139,0.872,0.112
"623",148,195,0.904,0.084
"624",148,249,0.936,0.056
"625",149,193,0.968,0.0280000000000002
"626",150,137,1,0
"627",149,81,1.032,0.0279999999999998
"628",148,25,1.064,0.0559999999999997
"629",148,79,1.096,0.0840000000000003
"630",147,135,1.128,0.112
"631",147,191,1.16,0.14
"632",146,247,1.192,0.168
"633",146,196,1.224,0.196
"634",145,141,1.256,0.224
"635",144,85,1.288,0.252
"636",144,29,1.32,0.28
"637",143,76,1.352,0.308
"638",143,132,1.384,0.336
"639",142,187,1.416,0.364
"640",142,243,1.448,0.392
"641",141,200,1.48,0.42
"642",141,144,1.512,0.448
"643",140,88,1.544,0.476
"644",139,33,1.576,0.504
"645",139,72,1.608,0.532
"646",138,128,1.64,0.56
"647",138,184,1.672,0.588
"648",137,240,1.704,0.616
"649",137,204,1.736,0.644
"650",136,148,1.768,0.672
"651",136,92,1.8,0.7
"652",135,36,1.832,0.728
"653",134,69,1.864,0.756
"654",134,124,1.896,0.784
"655",133,180,1.928,0.812
"656",133,236,1.96,0.84
"657",132,207,1.992,0.868
"658",132,151,1.976,0.896
"659",131,96,1.944,0.924
"660",130,40,1.912,0.952
"661",130,65,1.88,0.980000000000001
"662",129,121,1.848,0.991999999999999
"663",129,177,1.816,0.964
"664",128,232,1.784,0.936
"665",128,211,1.752,0.908
"666",127,155,1.72,0.88
"667",127,99,1.688,0.852
"668",126,43,1.656,0.824
"669",125,61,1.624,0.796
"670",125,117,1.592,0.767999999999999
"671",124,173,1.56,0.740000000000001
"672",124,229,1.528,0.712
"673",123,214,1.496,0.684
"674",123,159,1.464,0.655999999999999
"675",122,103,1.432,0.628
"676",122,47,1.4,0.6
"677",121,58,1.368,0.572
"678",120,114,1.336,0.544
"679",120,169,1.304,0.515999999999999
"680",119,225,1.272,0.488
"681",119,218,1.24,0.46
"682",118,162,1.208,0.432
"683",118,106,1.176,0.403999999999999
"684",117,51,1.144,0.376
"685",116,54,1.112,0.347999999999999
"686",116,110,1.08,0.32
"687",115,166,1.048,0.292
"688",115,222,1.016,0.264
"689",114,222,0.984,0.236
"690",114,166,0.952,0.208
"691",113,110,0.92,0.18
"692",113,54,0.888,0.152
"693",112,51,0.856,0.124
"694",111,106,0.824,0.0959999999999993
"695",111,162,0.792,0.0679999999999999
"696",110,218,0.759999999999999,0.0399999999999993
"697",110,225,0.728,0.0120000000000003
"698",109,169,0.696,0.0160000000000002
"699",109,114,0.664,0.0439999999999998
"700",108,58,0.631999999999999,0.0720000000000003
"701",108,47,0.6,0.0999999999999998
"702",107,103,0.568,0.128
"703",106,159,0.536,0.156000000000001
"704",106,214,0.503999999999999,0.184
"705",105,229,0.472,0.212
"706",105,173,0.44,0.24
"707",104,117,0.408,0.268000000000001
"708",104,61,0.375999999999999,0.296
"709",103,43,0.344,0.323999999999999
"710",102,99,0.312,0.352
"711",102,155,0.28,0.38
"712",101,211,0.248,0.408000000000001
"713",101,232,0.216,0.435999999999999
"714",100,177,0.184,0.464
"715",100,121,0.152,0.492
"716",99,65,0.119999999999999,0.520000000000001
"717",99,40,0.0879999999999991,0.548
"718",98,96,0.0560000000000005,0.576
"719",97,151,0.0240000000000006,0.604
"720",97,207,0.00800000000000034,0.632000000000001
"721",96,236,0.0400000000000011,0.660000000000001
"722",96,180,0.0720000000000001,0.687999999999999
"723",95,124,0.104,0.716
"724",95,69,0.136,0.744
"725",94,36,0.168000000000001,0.772000000000001
"726",94,92,0.2,0.799999999999999
"727",93,148,0.232,0.828
"728",92,204,0.264,0.856
"729",92,240,0.296,0.884000000000001
"730",91,184,0.328,0.912
"731",91,128,0.36,0.94
"732",90,72,0.392,0.968
"733",90,33,0.424,0.996
"734",89,88,0.456,0.976
"735",88,144,0.488,0.948000000000001
"736",88,200,0.52,0.92
"737",87,243,0.552,0.892
"738",87,187,0.584000000000001,0.863999999999999
"739",86,132,0.616,0.836
"740",86,76,0.648,0.808
"741",85,29,0.68,0.78
"742",85,85,0.712000000000001,0.751999999999999
"743",84,141,0.744,0.724
"744",83,196,0.776,0.696000000000001
"745",83,247,0.808,0.668
"746",82,191,0.840000000000001,0.639999999999999
"747",82,135,0.872,0.612
"748",81,79,0.904,0.584
"749",81,25,0.936,0.556
"750",80,81,0.968000000000001,0.528
"751",80,137,1,0.5
"752",79,193,1.032,0.472
"753",78,249,1.064,0.444
"754",78,195,1.096,0.416
"755",77,139,1.128,0.388
"756",77,83,1.16,0.36
"757",76,27,1.192,0.331999999999999
"758",76,78,1.224,0.304
"759",75,133,1.256,0.275999999999999
"760",74,189,1.288,0.248
"761",74,245,1.32,0.22
"762",73,198,1.352,0.192
"763",73,142,1.384,0.164
"764",72,87,1.416,0.136
"765",72,31,1.448,0.108
"766",71,74,1.48,0.0799999999999992
"767",71,130,1.512,0.0519999999999998
"768",70,186,1.544,0.0240000000000004
"769",69,241,1.576,0.00400000000000017
"770",69,202,1.608,0.0320000000000006
"771",68,146,1.64,0.0599999999999999
"772",68,90,1.672,0.0879999999999992
"773",67,34,1.704,0.116
"774",67,70,1.736,0.144
"775",66,126,1.768,0.172000000000001
"776",66,182,1.8,0.2
"777",65,238,1.832,0.228
"778",64,205,1.864,0.256
"779",64,150,1.896,0.284000000000001
"780",63,94,1.928,0.312
"781",63,38,1.96,0.339999999999999
"782",62,67,1.992,0.368
"783",62,123,1.976,0.396
"784",61,178,1.944,0.424000000000001
"785",60,234,1.912,0.452
"786",60,209,1.88,0.48
"787",59,153,1.848,0.508
"788",59,97,1.816,0.536000000000001
"789",58,42,1.784,0.564
"790",58,63,1.752,0.592
"791",57,119,1.72,0.62
"792",57,175,1.688,0.648000000000001
"793",56,231,1.656,0.676
"794",55,213,1.624,0.704000000000001
"795",55,157,1.592,0.732
"796",54,101,1.56,0.76
"797",54,45,1.528,0.788
"798",53,60,1.496,0.816
"799",53,115,1.464,0.844
"800",52,171,1.432,0.872
"801",51,227,1.4,0.900000000000001
"802",51,216,1.368,0.928
"803",50,160,1.336,0.956000000000001
"804",50,105,1.304,0.984
"805",49,49,1.272,0.988
"806",49,56,1.24,0.96
"807",48,112,1.208,0.931999999999999
"808",48,168,1.176,0.904
"809",47,223,1.144,0.875999999999999
"810",46,220,1.112,0.848
"811",46,164,1.08,0.82
"812",45,108,1.048,0.791999999999999
"813",45,52,1.016,0.764
"814",44,52,0.984,0.736
"815",44,108,0.952,0.708
"816",43,164,0.92,0.679999999999999
"817",43,220,0.887999999999999,0.652
"818",42,223,0.856,0.624000000000001
"819",41,168,0.824,0.596
"820",41,112,0.792,0.568
"821",40,56,0.759999999999999,0.539999999999999
"822",40,49,0.727999999999999,0.512
"823",39,105,0.695999999999999,0.483999999999999
"824",39,160,0.663999999999999,0.455999999999999
"825",38,216,0.632000000000001,0.428
"826",38,227,0.6,0.400000000000001
"827",37,171,0.568,0.372
"828",36,115,0.536,0.344
"829",36,60,0.504,0.315999999999999
"830",35,45,0.471999999999999,0.287999999999999
"831",35,101,0.439999999999999,0.259999999999999
"832",34,157,0.407999999999999,0.231999999999999
"833",34,213,0.376000000000001,0.204000000000001
"834",33,231,0.344000000000001,0.176
"835",32,175,0.312,0.148000000000001
"836",32,119,0.28,0.12
"837",31,63,0.248,0.0919999999999996
"838",31,42,0.215999999999999,0.0639999999999993
"839",30,97,0.183999999999999,0.0359999999999988
"840",30,153,0.151999999999999,0.00799999999999912
"841",29,209,0.120000000000001,0.0199999999999989
"842",29,234,0.0880000000000006,0.0479999999999994
"843",28,178,0.0560000000000005,0.0759999999999999
"844",27,123,0.0240000000000006,0.103999999999999
"845",27,67,0.00800000000000034,0.132
"846",26,38,0.04,0.16
"847",26,94,0.0720000000000006,0.188000000000001
"848",25,150,0.104000000000001,0.216000000000001
"849",25,205,0.136000000000001,0.244000000000001
"850",24,238,0.167999999999999,0.271999999999999
"851",23,182,0.2,0.3
"852",23,126,0.232,0.328
"853",22,70,0.264,0.356
"854",22,34,0.296,0.384
"855",21,90,0.328000000000001,0.412000000000001
"856",21,146,0.360000000000001,0.440000000000001
"857",20,202,0.392000000000001,0.468000000000002
"858",20,241,0.423999999999999,0.496
"859",19,186,0.456,0.523999999999999
"860",18,130,0.488,0.552
"861",18,74,0.52,0.58
"862",17,31,0.552,0.608
"863",17,87,0.584000000000001,0.636
"864",16,142,0.616000000000001,0.664000000000001
"865",16,198,0.648000000000001,0.692000000000001
"866",15,245,0.680000000000001,0.720000000000002
"867",15,189,0.711999999999999,0.748
"868",14,133,0.744,0.776
"869",13,78,0.776,0.804000000000001
"870",13,27,0.808,0.831999999999999
"871",12,83,0.84,0.86
"872",12,139,0.872000000000001,0.888
"873",11,195,0.904000000000001,0.916000000000001
"874",11,249,0.936000000000001,0.944000000000001
"875",10,193,0.967999999999999,0.972
"876",10,137,1,1
"877",10,81,1.032,0.971999999999999
"878",11,25,1.064,0.943999999999999
"879",11,79,1.096,0.916000000000001
"880",12,135,1.128,0.888
"881",12,191,1.16,0.86
"882",13,247,1.192,0.831999999999999
"883",13,196,1.224,0.804000000000001
"884",14,141,1.256,0.776
"885",15,85,1.288,0.748
"886",15,29,1.32,0.719999999999999
"887",16,76,1.352,0.691999999999999
"888",16,132,1.384,0.664
"889",17,187,1.416,0.636
"890",17,243,1.448,0.607999999999999
"891",18,200,1.48,0.579999999999999
"892",18,144,1.512,0.552000000000001
"893",19,88,1.544,0.524
"894",20,33,1.576,0.496
"895",20,72,1.608,0.467999999999999
"896",21,128,1.64,0.439999999999999
"897",21,184,1.672,0.412
"898",22,240,1.704,0.384
"899",22,204,1.736,0.355999999999999
"900",23,148,1.768,0.328000000000001
"901",23,92,1.8,0.3
"902",24,36,1.832,0.272
"903",25,69,1.864,0.243999999999999
"904",25,124,1.896,0.215999999999999
"905",26,180,1.928,0.187999999999998
"906",26,236,1.96,0.16
"907",27,207,1.992,0.132
"908",27,151,1.976,0.103999999999999
"909",28,96,1.944,0.0760000000000008
"910",29,40,1.912,0.0480000000000003
"911",29,65,1.88,0.02
"912",30,121,1.848,0.00800000000000056
"913",30,177,1.816,0.0360000000000013
"914",31,232,1.784,0.0640000000000017
"915",31,211,1.752,0.0920000000000001
"916",32,155,1.72,0.12
"917",32,99,1.688,0.147999999999999
"918",33,43,1.656,0.175999999999999
"919",34,61,1.624,0.204
"920",34,117,1.592,0.232
"921",35,173,1.56,0.260000000000001
"922",35,229,1.528,0.288000000000001
"923",36,214,1.496,0.316000000000002
"924",36,159,1.464,0.344
"925",37,103,1.432,0.371999999999998
"926",37,47,1.4,0.399999999999999
"927",38,58,1.368,0.427999999999999
"928",39,114,1.336,0.456
"929",39,169,1.304,0.484000000000001
"930",40,225,1.272,0.512000000000001
"931",40,218,1.24,0.540000000000002
"932",41,162,1.208,0.568000000000002
"933",41,106,1.176,0.596
"934",42,51,1.144,0.623999999999999
"935",43,54,1.112,0.651999999999999
"936",43,110,1.08,0.68
"937",44,166,1.048,0.708
"938",44,222,1.016,0.736000000000001
"939",45,222,0.983999999999999,0.764000000000001
"940",45,166,0.951999999999999,0.792000000000002
"941",46,110,0.919999999999999,0.820000000000002
"942",46,54,0.888000000000001,0.847999999999998
"943",47,51,0.856,0.875999999999999
"944",48,106,0.824,0.903999999999999
"945",48,162,0.792,0.932
"946",49,218,0.76,0.96
"947",49,225,0.727999999999999,0.988000000000001
"948",50,169,0.695999999999999,0.983999999999998
"949",50,114,0.663999999999999,0.955999999999998
"950",51,58,0.631999999999999,0.927999999999998
"951",51,47,0.600000000000001,0.900000000000002
"952",52,103,0.568,0.872000000000001
"953",53,159,0.536,0.844000000000001
"954",53,214,0.504,0.816
"955",54,229,0.471999999999999,0.788
"956",54,173,0.439999999999999,0.759999999999999
"957",55,117,0.407999999999999,0.731999999999999
"958",55,61,0.375999999999999,0.703999999999998
"959",56,43,0.344000000000001,0.676
"960",57,99,0.312,0.648000000000001
"961",57,155,0.28,0.620000000000001
"962",58,211,0.248,0.592
"963",58,232,0.216,0.564
"964",59,177,0.183999999999999,0.535999999999999
"965",59,121,0.151999999999999,0.507999999999999
"966",60,65,0.119999999999999,0.479999999999998
"967",60,40,0.0880000000000006,0.452
"968",61,96,0.0560000000000005,0.424
"969",62,151,0.0240000000000006,0.396000000000001
"970",62,207,0.00800000000000034,0.368000000000001
"971",63,236,0.04,0.34
"972",63,180,0.0720000000000006,0.312
"973",64,124,0.104000000000001,0.283999999999999
"974",64,69,0.136000000000001,0.255999999999999
"975",65,36,0.168000000000001,0.227999999999998
"976",65,92,0.199999999999999,0.2
"977",66,148,0.232,0.171999999999999
"978",67,204,0.264,0.144000000000001
"979",67,240,0.296,0.116000000000001
"980",68,184,0.328000000000001,0.088
"981",68,128,0.360000000000001,0.0599999999999995
"982",69,72,0.392000000000001,0.0319999999999992
"983",69,33,0.424000000000001,0.00399999999999739
"984",70,88,0.455999999999999,0.0239999999999995
"985",71,144,0.488,0.0520000000000002
"986",71,200,0.52,0.0800000000000007
"987",72,243,0.552,0.107999999999999
"988",72,187,0.584,0.135999999999999
"989",73,132,0.616000000000001,0.164
"990",73,76,0.648000000000001,0.192000000000001
"991",74,29,0.680000000000001,0.220000000000001
"992",74,85,0.712000000000002,0.248000000000002
"993",75,141,0.744,0.276
"994",76,196,0.776,0.304
"995",76,247,0.808,0.332000000000001
"996",77,191,0.84,0.359999999999999
"997",77,135,0.872000000000001,0.388
"998",78,79,0.904000000000001,0.416
"999",78,25,0.936000000000001,0.444000000000001
"1000",79,81,0.968000000000001,0.472000000000001
"1001",80,137,1,0.5
"1002",80,141,1.496,0.528
"1003",81,144,1.992,0.556
"1004",81,148,1.512,0.584
"1005",82,151,1.016,0.612
"1006",82,155,0.52,0.64
"1007",83,159,0.0240000000000006,0.668
"1008",83,162,0.472,0.696
"1009",84,166,0.968,0.724
"1010",85,169,1.464,0.752
"1011",85,173,1.96,0.78
"1012",86,177,1.544,0.808
"1013",86,180,1.048,0.836
"1014",87,184,0.552,0.864
"1015",87,187,0.0559999999999989,0.892
"1016",88,191,0.440000000000001,0.92
"1017",88,195,0.936,0.948
"1018",89,198,1.432,0.976
"1019",90,202,1.928,0.996
"1020",90,205,1.576,0.968
"1021",91,209,1.08,0.94
"1022",91,213,0.583999999999999,0.912
"1023",92,216,0.0880000000000006,0.884
"1024",92,220,0.408,0.856
"1025",93,223,0.903999999999999,0.828
"1026",94,227,1.4,0.8
"1027",94,231,1.896,0.772
"1028",95,234,1.608,0.744
"1029",95,238,1.112,0.716
"1030",96,241,0.616,0.688
"1031",96,245,0.119999999999999,0.66
"1032",97,249,0.376,0.632
"1033",97,247,0.872000000000001,0.604
"1034",98,243,1.368,0.576
"1035",99,240,1.864,0.548
"1036",99,236,1.64,0.52
"1037",100,232,1.144,0.492
"1038",100,229,0.648,0.464
"1039",101,225,0.151999999999999,0.436
"1040",101,222,0.344000000000002,0.408
"1041",102,218,0.84,0.38
"1042",102,214,1.336,0.352
"1043",103,211,1.832,0.324
"1044",104,207,1.672,0.296
"1045",104,204,1.176,0.268
"1046",105,200,0.68,0.24
"1047",105,196,0.184,0.212
"1048",106,193,0.312000000000001,0.184
"1049",106,189,0.807999999999997,0.156
"1050",107,186,1.304,0.128
"1051",108,182,1.8,0.1
"1052",108,178,1.704,0.072
"1053",109,175,1.208,0.0440000000000001
"1054",109,171,0.712000000000003,0.0160000000000002
"1055",110,168,0.215999999999998,0.0120000000000003
"1056",110,164,0.280000000000003,0.0400000000000001
"1057",111,160,0.776000000000004,0.0680000000000003
"1058",111,157,1.272,0.0960000000000001
"1059",112,153,1.768,0.124
"1060",113,150,1.736,0.152
"1061",113,146,1.24,0.18
"1062",114,142,0.743999999999997,0.208
"1063",114,139,0.248000000000001,0.236
"1064",115,135,0.248,0.264
"1065",115,132,0.744000000000001,0.292
"1066",116,128,1.24,0.32
"1067",116,124,1.736,0.348
"1068",117,121,1.768,0.376
"1069",118,117,1.272,0.404
"1070",118,114,0.775999999999999,0.432
"1071",119,110,0.279999999999999,0.46
"1072",119,106,0.215999999999998,0.488
"1073",120,103,0.711999999999998,0.516
"1074",120,99,1.208,0.544
"1075",121,96,1.704,0.572
"1076",122,92,1.8,0.6
"1077",122,88,1.304,0.628
"1078",123,85,0.807999999999998,0.656
"1079",123,81,0.311999999999997,0.684
"1080",124,78,0.184000000000004,0.712
"1081",124,74,0.68,0.74
"1082",125,70,1.176,0.768
"1083",125,67,1.672,0.796
"1084",126,63,1.832,0.824
"1085",127,60,1.336,0.852
"1086",127,56,0.84,0.88
"1087",128,52,0.343999999999995,0.908
"1088",128,49,0.152000000000001,0.936
"1089",129,45,0.647999999999998,0.964
"1090",129,42,1.144,0.992000000000001
"1091",130,38,1.64,0.98
"1092",130,34,1.864,0.952
"1093",131,31,1.368,0.924
"1094",132,27,0.871999999999994,0.896
"1095",132,25,0.375999999999998,0.868
"1096",133,29,0.120000000000008,0.84
"1097",133,33,0.615999999999995,0.812
"1098",134,36,1.112,0.784
"1099",134,40,1.608,0.756
"1100",135,43,1.896,0.728
"1101",136,47,1.4,0.7
"1102",136,51,0.903999999999997,0.672
"1103",137,54,0.408,0.644
"1104",137,58,0.0880000000000046,0.616
"1105",138,61,0.584000000000001,0.588
"1106",138,65,1.08,0.56
"1107",139,69,1.57599999999999,0.532
"1108",139,72,1.928,0.504
"1109",140,76,1.432,0.476
"1110",141,79,0.935999999999999,0.448
"1111",141,83,0.439999999999994,0.419999999999999
"1112",142,87,0.056000000000002,0.392
"1113",142,90,0.552000000000008,0.364
"1114",143,94,1.048,0.336
"1115",143,97,1.544,0.308
"1116",144,101,1.96,0.28
"1117",144,105,1.464,0.252
"1118",145,108,0.968000000000002,0.224
"1119",146,112,0.471999999999997,0.196
"1120",146,115,0.0239999999999988,0.168
"1121",147,119,0.520000000000005,0.14
"1122",147,123,1.016,0.112
"1123",148,126,1.51200000000001,0.084
"1124",148,130,1.99200000000001,0.056
"1125",149,133,1.496,0.0280000000000002
"1126",150,137,1,0
"1127",149,141,0.503999999999999,0.0279999999999998
"1128",148,144,0.00800000000000034,0.0559999999999997
"1129",148,148,0.488000000000002,0.0840000000000003
"1130",147,151,0.984000000000008,0.112
"1131",147,155,1.48,0.14
"1132",146,159,1.97600000000001,0.168
"1133",146,162,1.528,0.196
"1134",145,166,1.032,0.224
"1135",144,169,0.536000000000002,0.252
"1136",144,173,0.0399999999999966,0.28
"1137",143,177,0.456,0.308
"1138",143,180,0.952000000000005,0.336
"1139",142,184,1.448,0.364
"1140",142,187,1.94400000000001,0.392
"1141",141,191,1.56,0.42
"1142",141,195,1.064,0.448
"1143",140,198,0.568000000000005,0.476
"1144",139,202,0.0719999999999995,0.504
"1145",139,205,0.423999999999997,0.532
"1146",138,209,0.920000000000002,0.56
"1147",138,213,1.416,0.588
"1148",137,216,1.912,0.616
"1149",137,220,1.592,0.644
"1150",136,223,1.09599999999999,0.672
"1151",136,227,0.599999999999998,0.7
"1152",135,231,0.104000000000002,0.728
"1153",134,234,0.392000000000003,0.756
"1154",134,238,0.887999999999999,0.784
"1155",133,241,1.384,0.812
"1156",133,245,1.88,0.84
"1157",132,249,1.62399999999999,0.868
"1158",132,247,1.128,0.896
"1159",131,243,0.631999999999992,0.924
"1160",130,240,0.135999999999995,0.952
"1161",130,236,0.360000000000001,0.980000000000001
"1162",129,232,0.856000000000006,0.991999999999999
"1163",129,229,1.35199999999999,0.964
"1164",128,225,1.848,0.936
"1165",128,222,1.656,0.908
"1166",127,218,1.16,0.88
"1167",127,214,0.664000000000004,0.852
"1168",126,211,0.168000000000007,0.824
"1169",125,207,0.328000000000007,0.796
"1170",125,204,0.824000000000003,0.767999999999999
"1171",124,200,1.32,0.740000000000001
"1172",124,196,1.816,0.712
"1173",123,193,1.68799999999999,0.684
"1174",123,189,1.19199999999999,0.655999999999999
"1175",122,186,0.695999999999997,0.628
"1176",122,182,0.200000000000001,0.6
"1177",121,178,0.295999999999995,0.572
"1178",120,175,0.792000000000009,0.544
"1179",120,171,1.28800000000001,0.515999999999999
"1180",119,168,1.784,0.488
"1181",119,164,1.72,0.46
"1182",118,160,1.22399999999999,0.432
"1183",118,157,0.727999999999991,0.403999999999999
"1184",117,153,0.232000000000013,0.376
"1185",116,150,0.264000000000001,0.347999999999999
"1186",116,146,0.759999999999998,0.32
"1187",115,142,1.25600000000001,0.292
"1188",115,139,1.75199999999999,0.264
"1189",114,135,1.752,0.236
"1190",114,132,1.256,0.208
"1191",113,128,0.759999999999985,0.18
"1192",113,124,0.264000000000006,0.152
"1193",112,121,0.23199999999999,0.124
"1194",111,117,0.728000000000004,0.0959999999999993
"1195",111,114,1.224,0.0679999999999999
"1196",110,110,1.72000000000001,0.0399999999999993
"1197",110,106,1.78400000000001,0.0120000000000003
"1198",109,103,1.28799999999999,0.0160000000000002
"1199",109,99,0.791999999999996,0.0439999999999998
"1200",108,96,0.295999999999982,0.0720000000000003
"1201",108,92,0.199999999999996,0.0999999999999998
"1202",107,88,0.695999999999992,0.128
"1203",106,85,1.19200000000001,0.156000000000001
"1204",106,81,1.688,0.184
"1205",105,78,1.816,0.212
"1206",105,74,1.32,0.24
"1207",104,70,0.82399999999999,0.268000000000001
"1208",104,67,0.327999999999994,0.296
"1209",103,63,0.168000000000002,0.323999999999999
"1210",102,60,0.663999999999999,0.352
"1211",102,56,1.16,0.38
"1212",101,52,1.65600000000001,0.408000000000001
"1213",101,49,1.84800000000001,0.435999999999999
"1214",100,45,1.352,0.464
"1215",100,42,0.856000000000002,0.492
"1216",99,38,0.359999999999987,0.520000000000001
"1217",99,34,0.136000000000009,0.548
"1218",98,31,0.632000000000005,0.576
"1219",97,27,1.128,0.604
"1220",97,25,1.624,0.632000000000001
"1221",96,29,1.87999999999999,0.660000000000001
"1222",96,33,1.38400000000001,0.687999999999999
"1223",95,36,0.887999999999995,0.716
"1224",95,40,0.391999999999999,0.744
"1225",94,43,0.104000000000015,0.772000000000001
"1226",94,47,0.599999999999993,0.799999999999999
"1227",93,51,1.09600000000001,0.828
"1228",92,54,1.592,0.856
"1229",92,58,1.912,0.884000000000001
"1230",91,61,1.416,0.912
"1231",91,65,0.920000000000007,0.94
"1232",90,69,0.423999999999993,0.968
"1233",90,72,0.0720000000000032,0.996
"1234",89,76,0.568,0.976
"1235",88,79,1.064,0.948000000000001
"1236",88,83,1.56000000000001,0.92
"1237",87,87,1.94399999999999,0.892
"1238",87,90,1.448,0.863999999999999
"1239",86,94,0.952000000000001,0.836
"1240",86,97,0.456000000000005,0.808
"1241",85,101,0.04000000000001,0.78
"1242",85,105,0.536000000000006,0.751999999999999
"1243",84,108,1.032,0.724
"1244",83,112,1.528,0.696000000000001
"1245",83,115,1.97599999999999,0.668
"1246",82,119,1.47999999999999,0.639999999999999
"1247",82,123,0.984000000000013,0.612
"1248",81,126,0.487999999999998,0.584
"1249",81,130,0.00800000000000034,0.556
"1250",80,133,0.504000000000012,0.528
"1251",80,137,0.999999999999991,0.5
"1252",79,141,1.496,0.472
"1253",78,144,1.992,0.444
"1254",78,148,1.51199999999998,0.416
"1255",77,151,1.01600000000001,0.388
"1256",77,155,0.52000000000001,0.36
"1257",76,159,0.0239999999999951,0.331999999999999
"1258",76,162,0.472000000000001,0.304
"1259",75,166,0.968000000000015,0.275999999999999
"1260",74,169,1.46399999999999,0.248
"1261",74,173,1.96000000000001,0.22
"1262",73,177,1.544,0.192
"1263",73,180,1.04799999999998,0.164
"1264",72,184,0.552000000000003,0.136
"1265",72,187,0.0560000000000069,0.108
"1266",71,191,0.440000000000007,0.0799999999999992
"1267",71,195,0.936000000000003,0.0519999999999998
"1268",70,198,1.432,0.0240000000000004
"1269",69,202,1.928,0.00400000000000017
"1270",69,205,1.57599999999999,0.0320000000000006
"1271",68,209,1.07999999999999,0.0599999999999999
"1272",68,213,0.583999999999997,0.0879999999999992
"1273",67,216,0.0880000000000006,0.116
"1274",67,220,0.407999999999995,0.144
"1275",66,223,0.90400000000001,0.172000000000001
"1276",66,227,1.39999999999999,0.2
"1277",65,231,1.896,0.228
"1278",64,234,1.608,0.256
"1279",64,238,1.11199999999999,0.284000000000001
"1280",63,241,0.615999999999991,0.312
"1281",63,245,0.119999999999994,0.339999999999999
"1282",62,249,0.376000000000002,0.368
"1283",62,247,0.871999999999998,0.396
"1284",61,243,1.36800000000001,0.424000000000001
"1285",60,240,1.86399999999999,0.452
"1286",60,236,1.64,0.48
"1287",59,232,1.144,0.508
"1288",59,229,0.647999999999984,0.536000000000001
"1289",58,225,0.152000000000006,0.564
"1290",58,222,0.344000000000008,0.592
"1291",57,218,0.840000000000004,0.62
"1292",57,214,1.336,0.648000000000001
"1293",56,211,1.832,0.676
"1294",55,207,1.67200000000001,0.704000000000001
"1295",55,204,1.17599999999999,0.732
"1296",54,200,0.679999999999996,0.76
"1297",54,196,0.184,0.788
"1298",53,193,0.311999999999996,0.816
"1299",53,189,0.808000000000011,0.844
"1300",52,186,1.30400000000001,0.872
"1301",51,182,1.8,0.900000000000001
"1302",51,178,1.704,0.928
"1303",50,175,1.208,0.956000000000001
"1304",50,171,0.71199999999999,0.984
"1305",49,168,0.215999999999993,0.988
"1306",49,164,0.280000000000003,0.96
"1307",48,160,0.775999999999999,0.931999999999999
"1308",48,157,1.27200000000001,0.904
"1309",47,153,1.76800000000001,0.875999999999999
"1310",46,150,1.73599999999999,0.848
"1311",46,146,1.24,0.82
"1312",45,142,0.744000000000002,0.791999999999999
"1313",45,139,0.247999999999987,0.764
"1314",44,135,0.247999999999991,0.736
"1315",44,132,0.744000000000005,0.708
"1316",43,128,1.24,0.679999999999999
"1317",43,124,1.73600000000002,0.652
"1318",42,121,1.76800000000001,0.624000000000001
"1319",41,117,1.27199999999999,0.596
"1320",41,114,0.775999999999995,0.568
"1321",40,110,0.279999999999999,0.539999999999999
"1322",40,106,0.216000000000015,0.512
"1323",39,103,0.712000000000012,0.483999999999999
"1324",39,99,1.20800000000003,0.455999999999999
"1325",38,96,1.70399999999999,0.428
"1326",38,92,1.8,0.400000000000001
"1327",37,88,1.304,0.372
"1328",36,85,0.807999999999989,0.344
"1329",36,81,0.311999999999993,0.315999999999999
"1330",35,78,0.184000000000003,0.287999999999999
"1331",35,74,0.68,0.259999999999999
"1332",34,70,1.17600000000003,0.231999999999999
"1333",34,67,1.67199999999999,0.204000000000001
"1334",33,63,1.83200000000001,0.176
"1335",32,60,1.33600000000001,0.148000000000001
"1336",32,56,0.839999999999983,0.12
"1337",31,52,0.343999999999986,0.0919999999999996
"1338",31,49,0.15200000000001,0.0639999999999993
"1339",30,45,0.648000000000006,0.0359999999999988
"1340",30,42,1.144,0.00799999999999912
"1341",29,38,1.64,0.0199999999999989
"1342",29,34,1.864,0.0479999999999994
"1343",28,31,1.36800000000001,0.0759999999999999
"1344",27,27,0.872000000000012,0.103999999999999
"1345",27,25,0.37599999999998,0.132
"1346",26,29,0.120000000000016,0.16
"1347",26,33,0.616000000000013,0.188000000000001
"1348",25,36,1.11200000000001,0.216000000000001
"1349",25,40,1.60800000000001,0.244000000000001
"1350",24,43,1.896,0.271999999999999
"1351",23,47,1.4,0.3
"1352",23,51,0.904000000000006,0.328
"1353",22,54,0.40800000000001,0.356
"1354",22,58,0.0880000000000226,0.384
"1355",21,61,0.584000000000019,0.412000000000001
"1356",21,65,1.08000000000002,0.440000000000001
"1357",20,69,1.57600000000001,0.468000000000002
"1358",20,72,1.92800000000003,0.496
"1359",19,76,1.432,0.523999999999999
"1360",18,79,0.936,0.552
"1361",18,83,0.440000000000003,0.58
"1362",17,87,0.0559999999999933,0.608
"1363",17,90,0.552000000000025,0.636
"1364",16,94,1.04800000000002,0.664000000000001
"1365",16,97,1.54400000000002,0.692000000000001
"1366",15,101,1.95999999999999,0.720000000000002
"1367",15,105,1.46400000000003,0.748
"1368",14,108,0.967999999999993,0.776
"1369",13,112,0.471999999999997,0.804000000000001
"1370",13,115,0.0239999999999988,0.831999999999999
"1371",12,119,0.519999999999996,0.86
"1372",12,123,1.01600000000003,0.888
"1373",11,126,1.51200000000002,0.916000000000001
"1374",11,130,1.99199999999998,0.944000000000001
"1375",10,133,1.49600000000002,0.972
"1376",10,137,1.00000000000002,1
"1377",10,141,0.503999999999991,0.971999999999999
"1378",11,144,0.00799999999999479,0.943999999999999
"1379",11,148,0.488000000000002,0.916000000000001
"1380",12,151,0.983999999999998,0.888
"1381",12,155,1.48000000000003,0.86
"1382",13,159,1.97600000000003,0.831999999999999
"1383",13,162,1.52800000000001,0.804000000000001
"1384",14,166,1.03200000000002,0.776
"1385",15,169,0.53600000000002,0.748
"1386",15,173,0.0399999999999876,0.719999999999999
"1387",16,177,0.456000000000008,0.691999999999999
"1388",16,180,0.952000000000005,0.664
"1389",17,184,1.448,0.636
"1390",17,187,1.94400000000003,0.607999999999999
"1391",18,191,1.55999999999997,0.579999999999999
"1392",18,195,1.06400000000001,0.552000000000001
"1393",19,198,0.568000000000014,0.524
"1394",20,202,0.0720000000000176,0.496
"1395",20,205,0.424000000000015,0.467999999999999
"1396",21,209,0.920000000000011,0.439999999999999
"1397",21,213,1.41600000000001,0.412
"1398",22,216,1.912,0.384
"1399",22,220,1.59199999999996,0.355999999999999
"1400",23,223,1.096,0.328000000000001
"1401",23,227,0.600000000000008,0.3
"1402",24,231,0.104000000000011,0.272
"1403",25,234,0.391999999999985,0.243999999999999
"1404",25,238,0.888000000000017,0.215999999999999
"1405",26,241,1.38400000000001,0.187999999999998
"1406",26,245,1.88000000000001,0.16
"1407",27,249,1.62399999999999,0.132
"1408",27,247,1.12799999999996,0.103999999999999
"1409",28,243,0.632000000000001,0.0760000000000008
"1410",29,240,0.136000000000005,0.0480000000000003
"1411",29,236,0.359999999999991,0.02
"1412",30,232,0.855999999999987,0.00800000000000056
"1413",30,229,1.35200000000002,0.0360000000000013
"1414",31,225,1.84800000000002,0.0640000000000017
"1415",31,222,1.65599999999999,0.0920000000000001
"1416",32,218,1.15999999999999,0.12
"1417",32,214,0.663999999999995,0.147999999999999
"1418",33,211,0.167999999999999,0.175999999999999
"1419",34,207,0.327999999999998,0.204
"1420",34,204,0.823999999999994,0.232
"1421",35,200,1.31999999999999,0.260000000000001
"1422",35,196,1.81600000000002,0.288000000000001
"1423",36,193,1.68799999999998,0.316000000000002
"1424",36,189,1.19199999999999,0.344
"1425",37,186,0.696000000000025,0.371999999999998
"1426",37,182,0.199999999999992,0.399999999999999
"1427",38,178,0.296000000000004,0.427999999999999
"1428",39,175,0.792,0.456
"1429",39,171,1.288,0.484000000000001
"1430",40,168,1.78399999999999,0.512000000000001
"1431",40,164,1.71999999999997,0.540000000000002
"1432",41,160,1.22399999999998,0.568000000000002
"1433",41,157,0.727999999999982,0.596
"1434",42,153,0.232000000000022,0.623999999999999
"1435",43,150,0.26400000000001,0.651999999999999
"1436",43,146,0.760000000000006,0.68
"1437",44,142,1.256,0.708
"1438",44,139,1.752,0.736000000000001
"1439",45,135,1.752,0.764000000000001
"1440",45,132,1.25599999999997,0.792000000000002
"1441",46,128,0.759999999999976,0.820000000000002
"1442",46,124,0.264000000000016,0.847999999999998
"1443",47,121,0.23199999999998,0.875999999999999
"1444",48,117,0.728000000000013,0.903999999999999
"1445",48,114,1.22400000000001,0.932
"1446",49,110,1.72000000000001,0.96
"1447",49,106,1.784,0.988000000000001
"1448",50,103,1.288,0.983999999999998
"1449",50,99,0.79199999999997,0.955999999999998
"1450",51,96,0.295999999999973,0.927999999999998
"1451",51,92,0.199999999999987,0.900000000000002
"1452",52,88,0.695999999999983,0.872000000000001
"1453",53,85,1.19200000000002,0.844000000000001
"1454",53,81,1.68800000000001,0.816
"1455",54,78,1.81599999999999,0.788
"1456",54,74,1.32,0.759999999999999
"1457",55,70,0.823999999999999,0.731999999999999
"1458",55,67,0.327999999999967,0.703999999999998
"1459",56,63,0.167999999999993,0.676
"1460",57,60,0.663999999999989,0.648000000000001
"1461",57,56,1.15999999999999,0.620000000000001
"1462",58,52,1.65600000000002,0.592
"1463",58,49,1.84799999999999,0.564
"1464",59,45,1.35199999999999,0.535999999999999
"1465",59,42,0.855999999999993,0.507999999999999
"1466",60,38,0.359999999999997,0.479999999999998
"1467",60,34,0.136,0.452
"1468",61,31,0.631999999999996,0.424
"1469",62,27,1.12799999999999,0.396000000000001
"1470",62,25,1.62399999999999,0.368000000000001
"1471",63,29,1.87999999999998,0.34
"1472",63,33,1.38399999999998,0.312
"1473",64,36,0.887999999999987,0.283999999999999
"1474",64,40,0.39199999999999,0.255999999999999
"1475",65,43,0.104000000000006,0.227999999999998
"1476",65,47,0.600000000000002,0.2
"1477",66,51,1.096,0.171999999999999
"1478",67,54,1.59199999999999,0.144000000000001
"1479",67,58,1.91200000000001,0.116000000000001
"1480",68,61,1.41599999999998,0.088
"1481",68,65,0.91999999999998,0.0599999999999995
"1482",69,69,0.423999999999984,0.0319999999999992
"1483",69,72,0.0720000000000119,0.00399999999999739
"1484",70,76,0.567999999999972,0.0239999999999995
"1485",71,79,1.064,0.0520000000000002
"1486",71,83,1.56,0.0800000000000007
"1487",72,87,1.944,0.107999999999999
"1488",72,90,1.44800000000001,0.135999999999999
"1489",73,94,0.951999999999974,0.164
"1490",73,97,0.455999999999978,0.192000000000001
"1491",74,101,0.040000000000018,0.220000000000001
"1492",74,105,0.536000000000015,0.248000000000002
"1493",75,108,1.03199999999997,0.276
"1494",76,112,1.52800000000001,0.304
"1495",76,115,1.976,0.332000000000001
"1496",77,119,1.48,0.359999999999999
"1497",77,123,0.984000000000004,0.388
"1498",78,126,0.487999999999971,0.416
"1499",78,130,0.00800000000002277,0.444000000000001
"1500",79,133,0.504000000000021,0.472000000000001
"1501",80,137,1,0.5
"1502",80,141,1.056,0.748
"1503",81,144,1.112,0.996
"1504",81,148,1.168,0.756
"1505",82,151,1.224,0.508
"1506",82,155,1.28,0.26
"1507",83,159,1.336,0.0120000000000003
"1508",83,162,1.392,0.236
"1509",84,166,1.448,0.484
"1510",85,169,1.504,0.732
"1511",85,173,1.56,0.98
"1512",86,177,1.616,0.772
"1513",86,180,1.672,0.524
"1514",87,184,1.728,0.276
"1515",87,187,1.784,0.0279999999999995
"1516",88,191,1.84,0.22
"1517",88,195,1.896,0.468
"1518",89,198,1.952,0.716
"1519",90,202,1.992,0.964
"1520",90,205,1.936,0.788
"1521",91,209,1.88,0.54
"1522",91,213,1.824,0.292
"1523",92,216,1.768,0.0440000000000003
"1524",92,220,1.712,0.204
"1525",93,223,1.656,0.451999999999999
"1526",94,227,1.6,0.7
"1527",94,231,1.544,0.948
"1528",95,234,1.488,0.803999999999999
"1529",95,238,1.432,0.555999999999999
"1530",96,241,1.376,0.308
"1531",96,245,1.32,0.0599999999999994
"1532",97,249,1.264,0.188
"1533",97,247,1.208,0.436
"1534",98,243,1.152,0.683999999999999
"1535",99,240,1.096,0.932
"1536",99,236,1.04,0.82
"1537",100,232,0.984,0.572
"1538",100,229,0.928,0.324
"1539",101,225,0.872,0.0759999999999996
"1540",101,222,0.816,0.172000000000001
"1541",102,218,0.76,0.42
"1542",102,214,0.704,0.668
"1543",103,211,0.648,0.916000000000001
"1544",104,207,0.592,0.835999999999999
"1545",104,204,0.536,0.588000000000001
"1546",105,200,0.48,0.34
"1547",105,196,0.424,0.0919999999999998
"1548",106,193,0.368,0.156000000000001
"1549",106,189,0.312,0.403999999999999
"1550",107,186,0.256,0.651999999999999
"1551",108,182,0.2,0.899999999999999
"1552",108,178,0.144,0.852
"1553",109,175,0.0880000000000002,0.604
"1554",109,171,0.0320000000000004,0.356000000000002
"1555",110,168,0.0240000000000006,0.107999999999999
"1556",110,164,0.0800000000000002,0.140000000000002
"1557",111,160,0.136000000000001,0.388000000000002
"1558",111,157,0.192,0.636
"1559",112,153,0.248,0.884000000000001
"1560",113,150,0.304,0.867999999999999
"1561",113,146,0.36,0.619999999999999
"1562",114,142,0.416,0.371999999999998
"1563",114,139,0.472,0.124
"1564",115,135,0.528,0.124
"1565",115,132,0.584,0.372000000000001
"1566",116,128,0.64,0.620000000000001
"1567",116,124,0.696,0.867999999999999
"1568",117,121,0.752,0.884000000000001
"1569",118,117,0.808,0.636
"1570",118,114,0.864,0.388
"1571",119,110,0.92,0.139999999999999
"1572",119,106,0.976,0.107999999999999
"1573",120,103,1.032,0.355999999999999
"1574",120,99,1.088,0.604
"1575",121,96,1.144,0.852
"1576",122,92,1.2,0.9
"1577",122,88,1.256,0.651999999999999
"1578",123,85,1.312,0.403999999999999
"1579",123,81,1.368,0.155999999999998
"1580",124,78,1.424,0.092000000000002
"1581",124,74,1.48,0.34
"1582",125,70,1.536,0.587999999999998
"1583",125,67,1.592,0.836000000000001
"1584",126,63,1.648,0.916000000000001
"1585",127,60,1.704,0.667999999999998
"1586",127,56,1.76,0.42
"1587",128,52,1.816,0.171999999999997
"1588",128,49,1.872,0.0760000000000006
"1589",129,45,1.928,0.323999999999999
"1590",129,42,1.984,0.572000000000001
"1591",130,38,1.96,0.82
"1592",130,34,1.904,0.931999999999998
"1593",131,31,1.848,0.684
"1594",132,27,1.792,0.435999999999997
"1595",132,25,1.736,0.187999999999999
"1596",133,29,1.68,0.0600000000000039
"1597",133,33,1.624,0.307999999999997
"1598",134,36,1.568,0.556
"1599",134,40,1.512,0.803999999999998
"1600",135,43,1.456,0.947999999999999
"1601",136,47,1.4,0.700000000000001
"1602",136,51,1.344,0.451999999999998
"1603",137,54,1.288,0.204
"1604",137,58,1.232,0.0440000000000023
"1605",138,61,1.176,0.292000000000001
"1606",138,65,1.12,0.539999999999999
"1607",139,69,1.064,0.787999999999997
"1608",139,72,1.008,0.964000000000001
"1609",140,76,0.952,0.715999999999998
"1610",141,79,0.896,0.468
"1611",141,83,0.839999999999999,0.219999999999997
"1612",142,87,0.784,0.028000000000001
"1613",142,90,0.727999999999999,0.276000000000004
"1614",143,94,0.672,0.524000000000002
"1615",143,97,0.615999999999999,0.772
"1616",144,101,0.56,0.980000000000002
"1617",144,105,0.503999999999999,0.731999999999999
"1618",145,108,0.448000000000001,0.484000000000001
"1619",146,112,0.392,0.235999999999998
"1620",146,115,0.336,0.0119999999999994
"1621",147,119,0.28,0.260000000000002
"1622",147,123,0.224,0.508000000000001
"1623",148,126,0.168,0.756000000000003
"1624",148,130,0.112,0.996000000000003
"1625",149,133,0.0560000000000005,0.748000000000001
"1626",150,137,0,0.500000000000002
"1627",149,141,0.0559999999999996,0.252
"1628",148,144,0.111999999999999,0.00400000000000017
"1629",148,148,0.168000000000001,0.244000000000001
"1630",147,151,0.224,0.492000000000004
"1631",147,155,0.28,0.740000000000002
"1632",146,159,0.336,0.988000000000004
"1633",146,162,0.392,0.764000000000002
"1634",145,166,0.448,0.515999999999999
"1635",144,169,0.504,0.268000000000001
"1636",144,173,0.56,0.0199999999999983
"1637",143,177,0.616,0.228
"1638",143,180,0.672000000000001,0.476000000000002
"1639",142,184,0.728,0.724000000000001
"1640",142,187,0.784000000000001,0.972000000000003
"1641",141,191,0.839999999999999,0.779999999999999
"1642",141,195,0.896000000000001,0.532
"1643",140,198,0.952,0.284000000000002
"1644",139,202,1.008,0.0359999999999998
"1645",139,205,1.064,0.211999999999998
"1646",138,209,1.12,0.460000000000001
"1647",138,213,1.176,0.707999999999999
"1648",137,216,1.232,0.956000000000002
"1649",137,220,1.288,0.796
"1650",136,223,1.344,0.547999999999997
"1651",136,227,1.4,0.299999999999999
"1652",135,231,1.456,0.0520000000000012
"1653",134,234,1.512,0.196000000000002
"1654",134,238,1.568,0.444
"1655",133,241,1.624,0.692000000000002
"1656",133,245,1.68,0.940000000000001
"1657",132,249,1.736,0.811999999999997
"1658",132,247,1.792,0.563999999999999
"1659",131,243,1.848,0.315999999999996
"1660",130,240,1.904,0.0679999999999977
"1661",130,236,1.96,0.18
"1662",129,232,1.984,0.428000000000003
"1663",129,229,1.928,0.675999999999996
"1664",128,225,1.872,0.923999999999999
"1665",128,222,1.816,0.827999999999998
"1666",127,218,1.76,0.58
"1667",127,214,1.704,0.332000000000002
"1668",126,211,1.648,0.0840000000000037
"1669",125,207,1.592,0.164000000000003
"1670",125,204,1.536,0.412000000000002
"1671",124,200,1.48,0.66
"1672",124,196,1.424,0.907999999999998
"1673",123,193,1.368,0.843999999999995
"1674",123,189,1.312,0.595999999999997
"1675",122,186,1.256,0.347999999999999
"1676",122,182,1.2,0.100000000000001
"1677",121,178,1.144,0.147999999999998
"1678",120,175,1.088,0.396000000000005
"1679",120,171,1.032,0.644000000000003
"1680",119,168,0.976000000000001,0.892000000000001
"1681",119,164,0.92,0.860000000000001
"1682",118,160,0.864,0.611999999999994
"1683",118,157,0.807999999999999,0.363999999999995
"1684",117,153,0.752,0.116000000000006
"1685",116,150,0.695999999999999,0.132000000000001
"1686",116,146,0.64,0.379999999999999
"1687",115,142,0.583999999999999,0.628000000000006
"1688",115,139,0.528,0.875999999999995
"1689",114,135,0.471999999999999,0.875999999999998
"1690",114,132,0.416,0.628
"1691",113,128,0.36,0.379999999999992
"1692",113,124,0.304000000000001,0.132000000000003
"1693",112,121,0.248,0.115999999999995
"1694",111,117,0.191999999999999,0.364000000000002
"1695",111,114,0.136,0.612
"1696",110,110,0.0799999999999985,0.860000000000007
"1697",110,106,0.0240000000000006,0.892000000000004
"1698",109,103,0.0320000000000004,0.643999999999996
"1699",109,99,0.0879999999999996,0.395999999999998
"1700",108,96,0.144000000000001,0.147999999999991
"1701",108,92,0.2,0.0999999999999981
"1702",107,88,0.256000000000001,0.347999999999996
"1703",106,85,0.312000000000002,0.596000000000003
"1704",106,81,0.368,0.844000000000002
"1705",105,78,0.423999999999999,0.908
"1706",105,74,0.48,0.660000000000002
"1707",104,70,0.536000000000001,0.411999999999995
"1708",104,67,0.592,0.163999999999997
"1709",103,63,0.647999999999999,0.0840000000000012
"1710",102,60,0.704,0.331999999999999
"1711",102,56,0.760000000000001,0.579999999999998
"1712",101,52,0.816000000000002,0.828000000000005
"1713",101,49,0.871999999999998,0.924000000000006
"1714",100,45,0.927999999999999,0.675999999999999
"1715",100,42,0.984000000000001,0.428000000000001
"1716",99,38,1.04,0.179999999999994
"1717",99,34,1.096,0.0680000000000044
"1718",98,31,1.152,0.316000000000003
"1719",97,27,1.208,0.564000000000001
"1720",97,25,1.264,0.811999999999999
"1721",96,29,1.32,0.939999999999994
"1722",96,33,1.376,0.692000000000005
"1723",95,36,1.432,0.443999999999998
"1724",95,40,1.488,0.196
"1725",94,43,1.544,0.0520000000000077
"1726",94,47,1.6,0.299999999999997
"1727",93,51,1.656,0.548000000000004
"1728",92,54,1.712,0.796000000000002
"1729",92,58,1.768,0.956
"1730",91,61,1.824,0.708000000000002
"1731",91,65,1.88,0.460000000000004
"1732",90,69,1.936,0.211999999999996
"1733",90,72,1.992,0.0360000000000016
"1734",89,76,1.952,0.284
"1735",88,79,1.896,0.531999999999998
"1736",88,83,1.84,0.780000000000005
"1737",87,87,1.784,0.971999999999997
"1738",87,90,1.728,0.723999999999999
"1739",86,94,1.672,0.476
"1740",86,97,1.616,0.228000000000002
"1741",85,101,1.56,0.020000000000005
"1742",85,105,1.504,0.268000000000003
"1743",84,108,1.448,0.516000000000001
"1744",83,112,1.392,0.763999999999999
"1745",83,115,1.336,0.987999999999993
"1746",82,119,1.28,0.739999999999995
"1747",82,123,1.224,0.492000000000006
"1748",81,126,1.168,0.243999999999999
"1749",81,130,1.112,0.00400000000000017
"1750",80,133,1.056,0.252000000000006
"1751",80,137,1,0.499999999999995
"1752",79,141,0.944,0.748000000000002
"1753",78,144,0.888000000000001,0.996
"1754",78,148,0.832,0.755999999999992
"1755",77,151,0.776000000000001,0.508000000000003
"1756",77,155,0.72,0.260000000000005
"1757",76,159,0.663999999999999,0.0119999999999976
"1758",76,162,0.608,0.236
"1759",75,166,0.551999999999999,0.484000000000008
"1760",74,169,0.496,0.731999999999997
"1761",74,173,0.439999999999999,0.980000000000004
"1762",73,177,0.384,0.771999999999998
"1763",73,180,0.327999999999999,0.523999999999991
"1764",72,184,0.272,0.276000000000002
"1765",72,187,0.216,0.0280000000000035
"1766",71,191,0.159999999999998,0.220000000000004
"1767",71,195,0.104,0.468000000000002
"1768",70,198,0.0480000000000008,0.716
"1769",69,202,0.00800000000000034,0.963999999999998
"1770",69,205,0.0640000000000013,0.787999999999995
"1771",68,209,0.12,0.539999999999997
"1772",68,213,0.175999999999998,0.291999999999999
"1773",67,216,0.232,0.0440000000000003
"1774",67,220,0.288000000000001,0.203999999999998
"1775",66,223,0.344000000000002,0.452000000000005
"1776",66,227,0.400000000000001,0.699999999999994
"1777",65,231,0.455999999999999,0.948000000000001
"1778",64,234,0.512,0.804000000000001
"1779",64,238,0.568000000000001,0.555999999999994
"1780",63,241,0.624,0.307999999999995
"1781",63,245,0.679999999999999,0.0599999999999972
"1782",62,249,0.736,0.188000000000001
"1783",62,247,0.792000000000001,0.435999999999999
"1784",61,243,0.848000000000002,0.684000000000006
"1785",60,240,0.904000000000001,0.931999999999995
"1786",60,236,0.96,0.819999999999998
"1787",59,232,1.016,0.571999999999999
"1788",59,229,1.072,0.323999999999992
"1789",58,225,1.128,0.0760000000000031
"1790",58,222,1.184,0.172000000000004
"1791",57,218,1.24,0.420000000000002
"1792",57,214,1.296,0.668
"1793",56,211,1.352,0.915999999999999
"1794",55,207,1.408,0.836000000000003
"1795",55,204,1.464,0.587999999999996
"1796",54,200,1.52,0.339999999999998
"1797",54,196,1.576,0.0919999999999999
"1798",53,193,1.632,0.155999999999998
"1799",53,189,1.688,0.404000000000005
"1800",52,186,1.744,0.652000000000003
"1801",51,182,1.8,0.900000000000002
"1802",51,178,1.856,0.852
"1803",50,175,1.912,0.604000000000002
"1804",50,171,1.968,0.355999999999995
"1805",49,168,1.976,0.107999999999997
"1806",49,164,1.92,0.140000000000001
"1807",48,160,1.864,0.387999999999999
"1808",48,157,1.808,0.636000000000007
"1809",47,153,1.752,0.884000000000005
"1810",46,150,1.696,0.867999999999997
"1811",46,146,1.64,0.619999999999999
"1812",45,142,1.584,0.372000000000001
"1813",45,139,1.528,0.123999999999994
"1814",44,135,1.472,0.123999999999995
"1815",44,132,1.416,0.372000000000003
"1816",43,128,1.36,0.620000000000001
"1817",43,124,1.304,0.868000000000008
"1818",42,121,1.248,0.884000000000003
"1819",41,117,1.192,0.635999999999996
"1820",41,114,1.136,0.387999999999998
"1821",40,110,1.08,0.139999999999999
"1822",40,106,1.024,0.108000000000008
"1823",39,103,0.967999999999998,0.356000000000006
"1824",39,99,0.911999999999997,0.604000000000013
"1825",38,96,0.856000000000001,0.851999999999993
"1826",38,92,0.800000000000002,0.9
"1827",37,88,0.744000000000001,0.652000000000002
"1828",36,85,0.688,0.403999999999994
"1829",36,81,0.631999999999999,0.155999999999996
"1830",35,78,0.575999999999998,0.0920000000000017
"1831",35,74,0.519999999999999,0.34
"1832",34,70,0.463999999999998,0.588000000000016
"1833",34,67,0.408000000000001,0.835999999999996
"1834",33,63,0.352,0.916000000000006
"1835",32,60,0.296000000000001,0.668000000000007
"1836",32,56,0.24,0.419999999999991
"1837",31,52,0.183999999999999,0.171999999999993
"1838",31,49,0.127999999999999,0.076000000000005
"1839",30,45,0.0719999999999975,0.324000000000003
"1840",30,42,0.0159999999999982,0.572000000000001
"1841",29,38,0.0399999999999978,0.819999999999999
"1842",29,34,0.0959999999999989,0.932000000000002
"1843",28,31,0.152,0.684000000000004
"1844",27,27,0.207999999999999,0.436000000000006
"1845",27,25,0.264,0.18799999999999
"1846",26,29,0.320000000000001,0.0600000000000082
"1847",26,33,0.376000000000002,0.308000000000006
"1848",25,36,0.432000000000003,0.556000000000004
"1849",25,40,0.488000000000002,0.804000000000003
"1850",24,43,0.543999999999998,0.947999999999999
"1851",23,47,0.599999999999999,0.700000000000001
"1852",23,51,0.656,0.452000000000003
"1853",22,54,0.711999999999999,0.204000000000005
"1854",22,58,0.768,0.0440000000000113
"1855",21,61,0.824000000000001,0.292000000000009
"1856",21,65,0.880000000000002,0.540000000000008
"1857",20,69,0.936000000000003,0.788000000000006
"1858",20,72,0.992,0.964000000000014
"1859",19,76,1.048,0.715999999999998
"1860",18,79,1.104,0.468
"1861",18,83,1.16,0.220000000000002
"1862",17,87,1.216,0.0279999999999966
"1863",17,90,1.272,0.276000000000013
"1864",16,94,1.328,0.524000000000011
"1865",16,97,1.384,0.772000000000009
"1866",15,101,1.44,0.979999999999993
"1867",15,105,1.496,0.732000000000013
"1868",14,108,1.552,0.483999999999997
"1869",13,112,1.608,0.235999999999998
"1870",13,115,1.664,0.0119999999999994
"1871",12,119,1.72,0.259999999999998
"1872",12,123,1.776,0.508000000000014
"1873",11,126,1.832,0.756000000000012
"1874",11,130,1.888,0.995999999999989
"1875",10,133,1.944,0.74800000000001
"1876",10,137,2,0.500000000000012
"1877",10,141,1.944,0.251999999999995
"1878",11,144,1.888,0.00399999999999739
"1879",11,148,1.832,0.244000000000001
"1880",12,151,1.776,0.491999999999999
"1881",12,155,1.72,0.740000000000015
"1882",13,159,1.664,0.988000000000014
"1883",13,162,1.608,0.764000000000006
"1884",14,166,1.552,0.516000000000008
"1885",15,169,1.496,0.26800000000001
"1886",15,173,1.44,0.0199999999999938
"1887",16,177,1.384,0.228000000000004
"1888",16,180,1.328,0.476000000000002
"1889",17,184,1.272,0.724
"1890",17,187,1.216,0.972000000000017
"1891",18,191,1.16,0.779999999999985
"1892",18,195,1.104,0.532000000000005
"1893",19,198,1.048,0.284000000000007
"1894",20,202,0.991999999999999,0.0360000000000088
"1895",20,205,0.935999999999998,0.212000000000007
"1896",21,209,0.879999999999997,0.460000000000005
"1897",21,213,0.824000000000001,0.708000000000004
"1898",22,216,0.767999999999999,0.956000000000002
"1899",22,220,0.711999999999998,0.795999999999982
"1900",23,223,0.656000000000002,0.548000000000002
"1901",23,227,0.600000000000001,0.300000000000004
"1902",24,231,0.544,0.0520000000000057
"1903",25,234,0.487999999999999,0.195999999999992
"1904",25,238,0.431999999999998,0.444000000000009
"1905",26,241,0.375999999999997,0.692000000000007
"1906",26,245,0.32,0.940000000000005
"1907",27,249,0.263999999999999,0.811999999999997
"1908",27,247,0.207999999999998,0.563999999999981
"1909",28,243,0.152000000000002,0.316000000000001
"1910",29,240,0.0960000000000006,0.0680000000000025
"1911",29,236,0.04,0.179999999999996
"1912",30,232,0.0160000000000011,0.427999999999994
"1913",30,229,0.0720000000000026,0.67600000000001
"1914",31,225,0.128000000000003,0.924000000000008
"1915",31,222,0.184,0.827999999999994
"1916",32,218,0.240000000000001,0.579999999999996
"1917",32,214,0.295999999999998,0.331999999999998
"1918",33,211,0.351999999999999,0.0839999999999993
"1919",34,207,0.408,0.163999999999999
"1920",34,204,0.464000000000001,0.411999999999997
"1921",35,200,0.520000000000002,0.659999999999995
"1922",35,196,0.576000000000003,0.908000000000011
"1923",36,193,0.632000000000004,0.843999999999991
"1924",36,189,0.688,0.595999999999993
"1925",37,186,0.743999999999997,0.348000000000012
"1926",37,182,0.799999999999998,0.0999999999999961
"1927",38,178,0.855999999999999,0.148000000000002
"1928",39,175,0.912,0.396
"1929",39,171,0.968000000000001,0.643999999999998
"1930",40,168,1.024,0.891999999999996
"1931",40,164,1.08,0.859999999999987
"1932",41,160,1.136,0.611999999999989
"1933",41,157,1.192,0.363999999999991
"1934",42,153,1.248,0.116000000000011
"1935",43,150,1.304,0.132000000000005
"1936",43,146,1.36,0.380000000000003
"1937",44,142,1.416,0.628000000000001
"1938",44,139,1.472,0.875999999999999
"1939",45,135,1.528,0.876000000000002
"1940",45,132,1.584,0.627999999999986
"1941",46,128,1.64,0.379999999999988
"1942",46,124,1.696,0.132000000000008
"1943",47,121,1.752,0.11599999999999
"1944",48,117,1.808,0.364000000000006
"1945",48,114,1.864,0.612000000000005
"1946",49,110,1.92,0.860000000000003
"1947",49,106,1.976,0.891999999999999
"1948",50,103,1.968,0.644000000000001
"1949",50,99,1.912,0.395999999999985
"1950",51,96,1.856,0.147999999999987
"1951",51,92,1.8,0.0999999999999934
"1952",52,88,1.744,0.347999999999992
"1953",53,85,1.688,0.596000000000008
"1954",53,81,1.632,0.844000000000006
"1955",54,78,1.576,0.907999999999996
"1956",54,74,1.52,0.659999999999998
"1957",55,70,1.464,0.412
"1958",55,67,1.408,0.163999999999983
"1959",56,63,1.352,0.0839999999999966
"1960",57,60,1.296,0.331999999999995
"1961",57,56,1.24,0.579999999999993
"1962",58,52,1.184,0.828000000000009
"1963",58,49,1.128,0.923999999999993
"1964",59,45,1.072,0.675999999999995
"1965",59,42,1.016,0.427999999999996
"1966",60,38,0.959999999999997,0.179999999999998
"1967",60,34,0.904,0.0679999999999998
"1968",61,31,0.847999999999999,0.315999999999998
"1969",62,27,0.792000000000003,0.563999999999996
"1970",62,25,0.736000000000002,0.811999999999994
"1971",63,29,0.680000000000001,0.93999999999999
"1972",63,33,0.623999999999999,0.691999999999992
"1973",64,36,0.567999999999999,0.443999999999993
"1974",64,40,0.511999999999997,0.195999999999995
"1975",65,43,0.455999999999996,0.0520000000000028
"1976",65,47,0.4,0.300000000000001
"1977",66,51,0.343999999999999,0.547999999999999
"1978",67,54,0.288000000000002,0.795999999999997
"1979",67,58,0.232000000000001,0.956000000000005
"1980",68,61,0.176,0.707999999999988
"1981",68,65,0.119999999999999,0.45999999999999
"1982",69,69,0.0639999999999984,0.211999999999992
"1983",69,72,0.00799999999999479,0.036000000000006
"1984",70,76,0.0479999999999989,0.283999999999986
"1985",71,79,0.104,0.532000000000002
"1986",71,83,0.160000000000001,0.78
"1987",72,87,0.215999999999998,0.972000000000001
"1988",72,90,0.271999999999999,0.724000000000003
"1989",73,94,0.328,0.475999999999987
"1990",73,97,0.384000000000001,0.227999999999989
"1991",74,101,0.440000000000002,0.020000000000009
"1992",74,105,0.496000000000003,0.268000000000007
"1993",75,108,0.552,0.515999999999987
"1994",76,112,0.608000000000001,0.764000000000004
"1995",76,115,0.664000000000002,0.987999999999998
"1996",77,119,0.719999999999998,0.74
"1997",77,123,0.775999999999999,0.492000000000002
"1998",78,126,0.832,0.243999999999986
"1999",78,130,0.888000000000001,0.00400000000001138
"2000",79,133,0.944000000000002,0.252000000000011
